{"error":false,"id":0,"servingTime":5,"path":"/monitor/index.html"},
{"error":false,"id":0,"servingTime":6,"path":"/monitor/script.js"},
{"error":false,"id":0,"servingTime":1,"path":"/monitor/data.json"},
{"error":false,"id":1,"servingTime":1,"path":"/favicon.ico"},
{"error":false,"id":0,"servingTime":3,"path":"/monitor/index.html"},
{"error":false,"id":0,"servingTime":2,"path":"/monitor/script.js"},
{"error":false,"id":1,"servingTime":2,"path":"/favicon.ico"},
{"error":false,"id":0,"servingTime":13,"path":"/monitor/data.json"},
{"error":false,"id":0,"servingTime":2,"path":"/monitor/index.html"},
{"error":false,"id":0,"servingTime":1,"path":"/monitor/script.js"},
{"error":false,"id":0,"servingTime":11,"path":"/monitor/data.json"},
{"error":false,"id":0,"servingTime":4,"path":"/favicon.ico"},
{"error":false,"id":0,"servingTime":2,"path":"/monitor/index.html"},
{"error":false,"id":0,"servingTime":2,"path":"/monitor/script.js"},
{"error":false,"id":1,"servingTime":3,"path":"/favicon.ico"},
{"error":false,"id":0,"servingTime":18,"path":"/monitor/data.json"},
{"error":false,"id":0,"servingTime":4,"path":"/monitor/index.html"},
{"error":false,"id":0,"servingTime":4,"path":"/monitor/script.js"},
{"error":false,"id":1,"servingTime":3,"path":"/favicon.ico"},
{"error":false,"id":0,"servingTime":42,"path":"/monitor/data.json"},
{"error":false,"id":0,"servingTime":3,"path":"/monitor/index.html"},
{"error":false,"id":0,"servingTime":4,"path":"/monitor/script.js"},
{"error":false,"id":1,"servingTime":3,"path":"/favicon.ico"},
{"error":false,"id":0,"servingTime":35,"path":"/monitor/data.json"},
{"error":false,"id":0,"servingTime":42,"path":"/prih.pdf"},
